<?xml version='1.0' encoding='UTF-8' ?>
<timeLogEntries>
  <time id="12" flag="D" />
  <time id="13" path="/Proyecto/TI2PSP0/Planning" start="@1634843997000" delta="58" flag="A" />
  <time id="10" start="@1635519450000" delta="60" flag="M" />
  <time id="14" path="/Proyecto/TI2PSP0/Design" start="@1635171525000" delta="105" flag="A" />
  <time id="15" path="/Proyecto/TI2PSP0/Code" start="@1635171525000" delta="89" flag="A" />
  <time id="11" start="@1634657223000" delta="-1320" flag="M" />
  <time id="16" path="/Proyecto/TI2PSP0/Code" start="@1634843997000" delta="163" flag="A" />
  <time id="17" path="/Proyecto/TI2PSP0/Code" start="@1635517225000" delta="48" flag="A" />
  <time id="18" path="/Proyecto/TI2PSP0/Compile" start="@1635765646380" delta="36" flag="A" />
  <time id="19" path="/Proyecto/TI2PSP0/Compile" start="@1634843997000" flag="A" />
  <time id="20" path="/Proyecto/TI2PSP0/Test" start="@1635517225000" delta="72" flag="A" />
  <time id="21" flag="D" />
</timeLogEntries>
