<?xml version='1.0' encoding='UTF-8' ?>
<timeLogEntries>
  <time id="1" path="/Proyecto/PSP0/Planning" start="@1632751258178" delta="52" />
  <time id="2" path="/Proyecto/PSP0/Design" start="@1632754371499" delta="81" />
  <time id="3" path="/Proyecto/PSP0/Code" start="@1632759243309" delta="53" />
  <time id="4" path="/Proyecto/PSP0/Code" start="@1632779540028" delta="114" />
  <time id="5" path="/Proyecto/PSP0/Test" start="@1632853379006" delta="12" />
  <time id="6" path="/Proyecto/PSP0/Code" start="@1632854084602" delta="182" />
  <time id="7" path="/Proyecto/PSP0/Test" start="@1632865033563" delta="55" />
  <time id="8" path="/Proyecto/PSP0/Postmortem" start="@1632868329223" delta="62" />
  <time id="9" path="/Proyecto/PSP0/Code" start="@1632872040165" delta="33" />
  <time id="10" path="/Proyecto/TI2PSP0/Planning" start="@1635519450470" delta="29" />
  <time id="11" path="/Proyecto/TI2PSP0/Code" start="@1635521223368" delta="1443" />
</timeLogEntries>
