<?xml version='1.0' encoding='UTF-8' ?>
<timeLogEntries>
  <time id="1" path="/Proyecto/PSP0/Design" start="@1632708142000" delta="128" />
  <time id="2" path="/Proyecto/PSP0/Planning" start="@1632785527068" delta="28" />
  <time id="3" path="/Proyecto/PSP0/Code" start="@1632787210877" delta="96" />
  <time id="4" path="/Proyecto/PSP0/Test" start="@1632792955416" delta="88" />
  <time id="5" path="/Proyecto/PSP0/Planning" start="@1632798266544" delta="29" />
  <time id="6" path="/Proyecto/PSP0/Design" start="@1632799990847" delta="13" />
  <time id="7" path="/Proyecto/PSP0/Planning" start="@1632271584000" delta="75" />
  <time id="8" path="/Proyecto/PSP0/Design" start="@1632516434000" delta="130" />
  <time id="9" path="/Proyecto/PSP0/Code" start="@1632437253000" delta="203" />
  <time id="10" path="/Proyecto/PSP0/Code" start="@1632530874000" delta="85" />
  <time id="11" path="/Proyecto/PSP0/Test" start="@1632624493000" delta="135" />
  <time id="12" path="/Proyecto/PSP0/Design" start="@1632581311000" delta="145" />
  <time id="13" path="/Proyecto/TI2/Design" start="@1635743470820" delta="24" />
  <time id="14" path="/Proyecto/TI2/Code" start="@1635744921000" delta="80" />
  <time id="15" path="/Proyecto/TI2/Code" start="@1635765465374" delta="50" />
  <time id="16" path="/Proyecto/TI2/Design" start="@1635160807000" delta="75" />
  <time id="17" path="/Proyecto/TI2/Design" start="@1635704409000" delta="188" />
  <time id="18" path="/Proyecto/TI2/Design" start="@1635760809000" delta="95" />
  <time id="19" path="/Proyecto/TI2/Design" start="@1635764409000" delta="150" />
  <time id="20" path="/Proyecto/TI2/Code" start="@1635704549000" delta="195" />
  <time id="21" path="/Proyecto/TI2/Code" start="@1635247350000" delta="80" />
  <time id="22" path="/Proyecto/TI2/Code" start="@1635603750000" delta="208" />
  <time id="23" path="/Proyecto/TI2/Code" start="@1634829750000" delta="200" />
  <time id="24" path="/Proyecto/TI2/Planning" start="@1635762211000" delta="90" />
  <time id="25" path="/Proyecto/TI2/Planning" start="@1635708211000" delta="120" />
  <time id="26" path="/Proyecto/TI2/Planning" start="@1635285811000" delta="120" />
  <time id="27" path="/Proyecto/TI2/Planning" start="@1635765811000" delta="30" />
</timeLogEntries>
