<?xml version='1.0' encoding='UTF-8' ?>
<timeLogEntries>
  <time path="/Proyecto/TI2&#10;/Proyecto/TI3" flag="R" />
  <time id="28" path="/Proyecto/TI3/Code" start="@1637642693000" delta="4" flag="A" />
  <time id="23" start="@1638112950000" flag="M" />
  <time id="21" start="@1638184950000" flag="M" />
  <time id="22" start="@1638282150000" flag="M" />
  <time id="20" start="@1638296549000" flag="M" />
  <time id="14" start="@1638077721000" flag="M" />
  <time id="15" start="@1637666265000" flag="M" />
  <time id="29" path="/Proyecto/TI3/Code" start="@1638247733000" delta="192" flag="A" />
</timeLogEntries>
